"ID","Name","Event ID","Title","Date Created","Date Modified","Permalink","Description","Start Date","End Date","Category","Category Slug","Hosts"
"1","Deep Dive: Fundraising for Sustainability in Culture","","Deep Dive: Fundraising for Sustainability in Culture","2022-07-13 11:25:10","2022-07-26 05:56:35","","","2022-07-19 08:00:00","2022-07-19 09:00:00","Deep Dive Training","deep-dive-training",""
"2","Office Hours","","Office Hours","2022-07-13 11:25:10","2022-07-26 05:56:35","","<p>These biweekly office hours help new champions and those who would like to have guidance into Ki Futures to understand the structure of the program and where to find everything they need to support their sustainability journey.</p>","2022-07-21 17:00:00","2022-07-21 18:00:00","Office Hours","office-hours",""
"3","Christopher &#8211; Regional Network Meeting","","Christopher &#8211; Regional Network Meeting","2022-07-13 11:25:10","2022-07-26 05:56:35","","","2022-07-25 13:30:00","2022-07-25 14:30:00","Regional Network Meeting","regional-network-meeting",""
"4","Alice &#8211; Regional Network Meeting","","Alice &#8211; Regional Network Meeting","2022-07-13 11:25:10","2022-07-26 05:56:35","","","2022-07-26 11:00:00","2022-07-26 12:00:00","Regional Network Meeting","regional-network-meeting",""
"5","Charlotte &#8211; Regional Network Meeting","","Charlotte &#8211; Regional Network Meeting","2022-07-13 11:25:10","2022-07-26 05:56:35","","","2022-07-27 12:00:00","2022-07-27 13:00:00","Regional Network Meeting","regional-network-meeting",""
"6","Douglas &#8211; Regional Network Meeting","","Douglas &#8211; Regional Network Meeting","2022-07-13 11:25:10","2022-07-26 05:56:35","","","2022-07-28 15:00:00","2022-07-28 16:00:00","Regional Network Meeting","regional-network-meeting","45"
"7","Kim &#8211; Regional Network Meeting","","Kim &#8211; Regional Network Meeting","2022-07-13 11:25:10","2022-07-26 05:56:35","","","2022-07-28 18:00:00","2022-07-28 19:00:00","Regional Network Meeting","regional-network-meeting","33"
"8","Nicole &#8211; Regional Network Meeting","","Nicole &#8211; Regional Network Meeting","2022-07-13 11:25:10","2022-07-26 05:56:35","","","2022-07-29 11:00:00","2022-07-29 12:00:00","Regional Network Meeting","regional-network-meeting","14"
"9","Deep Dive: PR / CSR Communications with Deborah Ziska","","Deep Dive: PR / CSR Communications with Deborah Ziska","2022-07-13 11:25:10","2022-07-26 05:56:35","","<p><span style=\"font-weight: 400;\"><span data-sheets-value=\"{&quot;1&quot;:2,&quot;2&quot;:&quot;Deborah Ziska&quot;}\" data-sheets-userformat=\"{&quot;2&quot;:513,&quot;3&quot;:{&quot;1&quot;:0},&quot;12&quot;:0}\">Communications expert Deborah Ziska joins ","2022-08-03 00:00:00","2022-08-03 01:00:00","Deep Dive Training","deep-dive-training",""
"10","Office Hours","","Office Hours","2022-07-13 11:25:10","2022-07-26 05:56:35","","<p>These biweekly office hours help new champions and those who would like to have guidance into Ki Futures to understand the structure of the program and where to find everything they need to support their sustainability journey.</p>","2022-08-04 00:00:00","2022-08-04 01:00:00","Office Hours","office-hours",""
"11","Social: Artists","","Social: Artists","2022-07-13 11:25:10","2022-07-26 05:56:35","","<p>Each first Wednesday of the month, we are inviting everyone to get together during this informal gathering with different themes. This month’s theme is artists.</p>","2022-08-04 00:00:00","2022-08-04 01:00:00","Social","social",""
"12","Workshop: Policy Writing &#8211; Part I","","Workshop: Policy Writing &#8211; Part I","2022-07-13 11:25:10","2022-07-26 05:56:35","","<p><span style=\"font-weight: 400;\">Having appropriate policies in place can pave the way for an institution to take sustainable action. This includes loan agreements, mission and vision statements, tenders, collections management, events, and documentatio","2022-08-10 00:00:00","2022-08-10 01:00:00","Workshop","workshop",""
"13","Global Network Meeting: Guest Speaker","","Global Network Meeting: Guest Speaker","2022-07-13 11:25:10","2022-07-26 05:56:35","","<p>Our GNM this month will welcome a very special guest speaker to present on their work in this sector &#8211; stay tuned!</p>","2022-08-16 17:00:00","2022-08-16 18:00:00","Global Network Meeting","global-network-meeting",""
"14","Office Hours","","Office Hours","2022-07-13 11:25:10","2022-07-26 05:56:35","","<p>These biweekly office hours help new champions and those who would like to have guidance into Ki Futures to understand the structure of the program and where to find everything they need to support their sustainability journey.</p>","2022-08-18 08:00:00","2022-08-18 09:00:00","Office Hours","office-hours",""
"15","Core Training: Social Sustainability","","Core Training: Social Sustainability","2022-07-13 11:25:10","2022-07-26 05:56:35","","<p>Social equality, racial justice, intersectional activism, decolonization, belonging &#8211; social sustainability has many names. In this core training, we explore these &#8211; and how we can be mindful in our practices to uphold our core values of be","2022-08-23 17:00:00","2022-08-23 18:00:00","Core Training","core-training",""
"16","Alice &#8211; Regional Network Meeting","","Alice &#8211; Regional Network Meeting","2022-07-13 11:25:10","2022-07-26 05:56:35","","","2022-08-30 11:00:00","2022-08-30 12:00:00","Regional Network Meeting","regional-network-meeting",""
"17","Douglas &#8211; Regional Network Meeting","","Douglas &#8211; Regional Network Meeting","2022-07-13 11:25:10","2022-07-26 05:56:35","","","2022-09-01 15:00:00","2022-09-01 16:00:00","Regional Network Meeting","regional-network-meeting",""
"18","Office Hours","","Office Hours","2022-07-13 11:25:10","2022-07-26 05:56:35","","<p>These biweekly office hours help new champions and those who would like to have guidance into Ki Futures to understand the structure of the program and where to find everything they need to support their sustainability journey.</p>","2022-09-01 17:00:00","2022-09-01 18:00:00","Office Hours","office-hours",""
"19","Kim &#8211; Regional Network Meeting","","Kim &#8211; Regional Network Meeting","2022-07-13 11:25:10","2022-07-26 05:56:35","","","2022-09-01 18:00:00","2022-09-01 19:00:00","Regional Network Meeting","regional-network-meeting",""
"20","Nicole &#8211; Regional Network Meeting","","Nicole &#8211; Regional Network Meeting","2022-07-13 11:25:10","2022-07-26 05:56:35","","","2022-09-02 11:00:00","2022-09-02 12:00:00","Regional Network Meeting","regional-network-meeting",""
"21","Deep Dive: Education &#038; the SDGs","","Deep Dive: Education &#038; the SDGs","2022-07-13 11:25:10","2022-07-26 05:56:35","","<p><span style=\"font-weight: 400;\">The SDGs of the UN 2030 Agenda outline the path to achieve a sustainable future. This training provides key insights into education for sustainable development. It also explores how to communicate the SDGs in an attracti","2022-09-06 17:00:00","2022-09-06 18:00:00","Deep Dive Training","deep-dive-training",""
"22","Social: Sustainability Leads","","Social: Sustainability Leads","2022-07-13 11:25:10","2022-07-26 05:56:35","","<p>Each first Wednesday of the month, we are inviting everyone to get together during this informal gathering with different themes. This month’s theme is sustainability leads.</p>","2022-09-07 17:00:00","2022-09-07 18:00:00","Social","social",""
"23","Workshop: Policy Writing &#8211; Part II","","Workshop: Policy Writing &#8211; Part II","2022-07-13 11:25:10","2022-07-26 05:56:35","","<p><span style=\"font-weight: 400;\">Having appropriate policies in place can pave the way for an institution to take sustainable action. This includes loan agreements, mission and vision statements, tenders, collections management, events, and documentatio","2022-09-13 08:00:00","2022-09-13 09:00:00","Workshop","workshop",""
"24","Office Hours","","Office Hours","2022-07-13 11:25:10","2022-07-26 05:56:35","","<p>These biweekly office hours help new champions and those who would like to have guidance into Ki Futures to understand the structure of the program and where to find everything they need to support their sustainability journey.</p>","2022-09-15 00:00:00","2022-09-15 01:00:00","Office Hours","office-hours",""
"25","Global Network Meeting: Champion Presentations","","Global Network Meeting: Champion Presentations","2022-07-13 11:25:10","2022-07-26 05:56:35","","<p>Join us to find out what your colleagues have been doing this year &#8211; share your stories, experiences, and contribute to the international peer-to-peer learning and knowledge exchange. Feel free to present in your own language and let us know if w","2022-09-21 00:00:00","2022-09-21 01:00:00","Global Network Meeting","global-network-meeting",""
"26","Core Training: Materials with Kim Kraczon","","Core Training: Materials with Kim Kraczon","2022-07-13 11:25:10","2022-07-26 05:56:35","","<p>Kim Kraczon joins us for this special Core Session on materials &#8211; with a focus on testing and use of alternative materials for conservation and collections management. Join us to find out what alternatives are available and how you can be sure th","2022-09-28 00:00:00","2022-09-28 01:00:00","Core Training","core-training",""
"27","Office Hours","","Office Hours","2022-07-13 11:25:10","2022-07-26 05:56:35","","<p>These biweekly office hours help new champions and those who would like to have guidance into Ki Futures to understand the structure of the program and where to find everything they need to support their sustainability journey.</p>","2022-09-29 08:00:00","2022-09-29 09:00:00","Office Hours","office-hours",""
"28","Alice &#8211; Regional Network Meeting","","Alice &#8211; Regional Network Meeting","2022-07-13 11:25:10","2022-07-26 05:56:35","","","2022-10-04 11:00:00","2022-10-04 12:00:00","Regional Network Meeting","regional-network-meeting",""
"29","Social: Performing Arts","","Social: Performing Arts","2022-07-13 11:25:10","2022-07-26 05:56:35","","<p>Each first Wednesday of the month, we are inviting everyone to get together during this informal gathering with different themes. This month’s theme is performing arts.</p>","2022-10-05 08:00:00","2022-10-05 08:00:00","Social","social",""
"30","Douglas &#8211; Regional Network Meeting","","Douglas &#8211; Regional Network Meeting","2022-07-13 11:25:10","2022-07-26 05:56:35","","","2022-10-06 15:00:00","2022-10-06 16:00:00","Regional Network Meeting","regional-network-meeting",""
"31","Kim &#8211; Regional Network Meeting","","Kim &#8211; Regional Network Meeting","2022-07-13 11:25:10","2022-07-26 05:56:35","","","2022-10-06 18:00:00","2022-10-06 19:00:00","Regional Network Meeting","regional-network-meeting",""
"32","Nicole &#8211; Regional Network Meeting","","Nicole &#8211; Regional Network Meeting","2022-07-13 11:25:10","2022-07-26 05:56:35","","","2022-10-07 11:00:00","2022-10-07 12:00:00","Regional Network Meeting","regional-network-meeting",""
"33","Deep Dive: Circularity","","Deep Dive: Circularity","2022-07-13 11:25:10","2022-07-26 05:56:35","","<p>The Ellen MacArthur Foundation, the leading organization in the world on circular economics, joins us to<span style=\"font-weight: 400;\"> introduce the circular economy and demonstrate how it applies to everything we do. Circularity is based on a regene","2022-10-11 08:00:00","2022-10-11 09:00:00","Deep Dive Training","deep-dive-training",""
"34","Office Hours","","Office Hours","2022-07-13 11:25:10","2022-07-26 05:56:35","","<p>These biweekly office hours help new champions and those who would like to have guidance into Ki Futures to understand the structure of the program and where to find everything they need to support their sustainability journey.</p>","2022-10-13 17:00:00","2022-10-13 18:00:00","Office Hours","office-hours",""
"35","Workshop: Circular Exhibitions with Marije Remigius","","Workshop: Circular Exhibitions with Marije Remigius","2022-07-13 11:25:10","2022-07-26 05:56:35","","<p><span style=\"font-weight: 400;\">Exhibitions can be made sustainable by applying circular principles. Circular solutions to the exhibition design, materials, and building processes are all readily available and can be implemented anywhere, by anyone. In","2022-10-18 17:00:00","2022-10-18 18:00:00","Workshop","workshop",""
"36","Global Network Meeting: Guest Speaker Dilshanie Perera","","Global Network Meeting: Guest Speaker Dilshanie Perera","2022-07-13 11:25:10","2022-07-26 05:56:35","","<p>Join us in welcoming Dilshanie Perera from the Climate Museum NY who is graciously joining us to talk about her work at the Climate Museum and the incredible programming this inspirational institution has been running.</p>","2022-10-25 08:00:00","2022-10-25 09:00:00","Global Network Meeting","global-network-meeting",""
"37","Office Hours","","Office Hours","2022-07-13 11:25:10","2022-07-26 05:56:35","","<p>These biweekly office hours help new champions and those who would like to have guidance into Ki Futures to understand the structure of the program and where to find everything they need to support their sustainability journey.</p>","2022-10-27 00:00:00","2022-10-27 01:00:00","Office Hours","office-hours",""
"38","Core Training: Exhibitions","","Core Training: Exhibitions","2022-07-13 11:25:10","2022-07-26 05:56:35","","<p>Exhibitions are key to many of our organizations &#8211; whether they are permanent, temporary, or pop-up, onsite or off, our exhibitions are an incredible way for us to connect with our communities and with each other. And they present an amazing oppo","2022-11-01 17:00:00","2022-11-01 18:00:00","Core Training","core-training",""
"39","Social: Historians and Archaeologists","","Social: Historians and Archaeologists","2022-07-13 11:25:10","2022-07-26 05:56:35","","<p>Each first Wednesday of the month, we are inviting everyone to get together during this informal gathering with different themes. This month’s theme is historians and archaeologists.</p>","2022-11-03 00:00:00","2022-11-03 01:00:00","Social","social",""
"40","Alice &#8211; Regional Network Meeting","","Alice &#8211; Regional Network Meeting","2022-07-13 11:25:10","2022-07-26 05:56:35","","","2022-11-08 11:00:00","2022-11-08 12:00:00","Regional Network Meeting","regional-network-meeting",""
"41","Office Hours","","Office Hours","2022-07-13 11:25:10","2022-07-26 05:56:35","","<p>These biweekly office hours help new champions and those who would like to have guidance into Ki Futures to understand the structure of the program and where to find everything they need to support their sustainability journey.</p>","2022-11-10 08:00:00","2022-11-10 09:00:00","Office Hours","office-hours",""
"42","Douglas &#8211; Regional Network Meeting","","Douglas &#8211; Regional Network Meeting","2022-07-13 11:25:10","2022-07-26 05:56:35","","","2022-11-10 15:00:00","2022-11-10 16:00:00","Regional Network Meeting","regional-network-meeting",""
"43","Kim &#8211; Regional Network Meeting","","Kim &#8211; Regional Network Meeting","2022-07-13 11:25:10","2022-07-26 05:56:35","","","2022-11-10 18:00:00","2022-11-10 19:00:00","Regional Network Meeting","regional-network-meeting",""
"44","Nicole &#8211; Regional Network Meeting","","Nicole &#8211; Regional Network Meeting","2022-07-13 11:25:10","2022-07-26 05:56:35","","","2022-11-11 11:00:00","2022-11-11 12:00:00","Regional Network Meeting","regional-network-meeting",""
"45","Deep Dive: Degrowth with Filka Sekulova","","Deep Dive: Degrowth with Filka Sekulova","2022-07-13 11:25:10","2022-07-26 05:56:35","","<p><span style=\"font-weight: 400;\">This training focuses on the idea of degrowth that critiques the capitalist system which pursues growth at all costs, instead prioritizing social and environmental wellbeing. Degrowth theories are based on the need to re","2022-11-15 09:00:00","2022-11-15 10:00:00","Deep Dive Training","deep-dive-training",""
"46","Workshop: Alternative Materials with Olivia Ann Carye Hallstein","","Workshop: Alternative Materials with Olivia Ann Carye Hallstein","2022-07-13 11:25:10","2022-07-26 05:56:35","","<p>Join us for fun with art materials! During this workshop, host <span class=\"il\">Olivia</span> Ann Carye Hallstein will help us see the value in our trash, and the possibilities in our creations, and what material sustainability looks like in practice. ","2022-11-23 00:00:00","2022-11-23 01:00:00","Workshop","workshop",""
"47","Office Hours","","Office Hours","2022-07-13 11:25:10","2022-07-26 05:56:35","","<p>These biweekly office hours help new champions and those who would like to have guidance into Ki Futures to understand the structure of the program and where to find everything they need to support their sustainability journey.</p>","2022-11-24 17:00:00","2022-11-24 18:00:00","Office Hours","office-hours",""
"48","Global Network Meeting: Networking","","Global Network Meeting: Networking","2022-07-13 11:25:10","2022-07-26 05:56:35","","<p>Join us for this installation of our global networking session where you can meet other Ki Futures Champions, Team Members, and Coaches from around the world. Grow your network and your knowledge here.</p>","2022-11-29 17:00:00","2022-11-29 18:00:00","Global Network Meeting","global-network-meeting",""
"49","Core Training: Sustainable Tourism","","Core Training: Sustainable Tourism","2022-07-13 11:25:10","2022-07-26 05:56:35","","<p>In line with Ki Culture&#8217;s sixth Ki Book, Sustainable Tourism outlines the role of culture in promoting sustainable and positive international experiences. Travel makes us richer &#8211; but it can be damaging not only to the planet, but also to c","2022-12-07 00:00:00","2022-12-07 01:00:00","Core Training","core-training",""
"50","Social: Technicians, Designers and Builders","","Social: Technicians, Designers and Builders","2022-07-13 11:25:10","2022-07-26 05:56:35","","<p>Each first Wednesday of the month, we are inviting everyone to get together during this informal gathering with different themes. This month’s theme is technicians, designers and builders.</p>","2022-12-07 17:00:00","2022-12-07 18:00:00","Social","social",""
"51","Global Network Meeting: Champion Presentations","","Global Network Meeting: Champion Presentations","2022-07-18 11:45:53","2022-07-26 05:56:35","","<p>Join us for our first Champion Presentations Global Network Meeting where you will have the chance to present your projects, ideas, or successes to your colleagues around the world. Please let your Coach know if you would like to present!</p>","2022-05-03 17:00:00","2022-05-03 18:00:00","Global Network Meeting","global-network-meeting",""
"52","European Theatre Convention &#8211; Pilot Feedback Session","","European Theatre Convention &#8211; Pilot Feedback Session","2022-07-18 11:45:53","2022-07-26 05:56:35","","<p>It has been such a pleasure sharing this journey together! We believe that Ki Futures can continue to provide a collaborative, international approach to sustainability for the theatre sector, which is why we would like to move forward with the program.","2022-05-04 15:00:00","2022-05-04 16:00:00","ETC Events","etc-events",""
"53","Core Training: Materials","","Core Training: Materials","2022-07-18 11:45:53","2022-07-26 05:56:35","","<p>This Core Training will go over the various key theoretical concepts related to materials, including and introduction to Circular Economy and LCA. Learn how to look at materials differently and why the word &#8220;waste&#8221; ISN&#8217;T used here.</p","2022-05-10 17:00:00","2022-05-10 18:00:00","Core Training","core-training",""
"54","Office Hours","","Office Hours","2022-07-18 11:45:53","2022-07-26 05:56:35","","<p>These biweekly office hours help new champions and those who would like to have guidance into Ki Futures to understand the structure of the program and where to find everything they need to support their sustainability journey.</p>","2022-05-12 00:00:00","2022-05-12 01:00:00","Office Hours","office-hours",""
"55","Alice &#8211; Regional Network Meeting","","Alice &#8211; Regional Network Meeting","2022-07-18 11:45:53","2022-07-26 05:56:35","","","2022-05-17 11:00:00","2022-05-17 12:00:00","Regional Network Meeting","regional-network-meeting",""
"56","Charlotte &#8211; Regional Network Meeting","","Charlotte &#8211; Regional Network Meeting","2022-07-18 11:45:53","2022-07-26 05:56:35","","","2022-05-19 12:00:00","2022-05-19 13:00:00","Regional Network Meeting","regional-network-meeting",""
"57","Douglas &#8211; Regional Network Meeting","","Douglas &#8211; Regional Network Meeting","2022-07-18 11:45:53","2022-07-26 05:56:35","","","2022-05-19 15:00:00","2022-05-19 16:00:00","Regional Network Meeting","regional-network-meeting",""
"58","Kim &#8211; Regional Network Meeting","","Kim &#8211; Regional Network Meeting","2022-07-18 11:45:53","2022-07-26 05:56:35","","","2022-05-19 18:00:00","2022-05-19 19:00:00","Regional Network Meeting","regional-network-meeting",""
"59","Nicole &#8211; Regional Network Meeting","","Nicole &#8211; Regional Network Meeting","2022-07-18 11:45:53","2022-07-26 05:56:35","","","2022-05-20 11:00:00","2022-05-20 12:00:00","Regional Network Meeting","regional-network-meeting",""
"60","Christopher &#8211; Regional Network Meeting","","Christopher &#8211; Regional Network Meeting","2022-07-18 11:45:53","2022-07-26 05:56:35","","","2022-05-23 13:30:00","2022-05-23 14:30:00","Regional Network Meeting","regional-network-meeting",""
"61","Lia &#8211; Regional Network Meeting","","Lia &#8211; Regional Network Meeting","2022-07-18 11:45:53","2022-07-26 05:56:35","","","2022-05-23 16:00:00","2022-05-23 17:00:00","Regional Network Meeting","regional-network-meeting",""
"62","Global Network Meeting: Networking","","Global Network Meeting: Networking","2022-07-18 11:45:53","2022-07-26 05:56:35","","<p>Join us to connect with your fellow Ki Futures colleagues from around the world. We will spend one hour in various breakout rooms to get to know each other one-on-one. Come find out how people are tackling sustainability and leave with friends and alli","2022-05-24 17:00:00","2022-05-24 18:00:00","Global Network Meeting","global-network-meeting",""
"63","Office Hours","","Office Hours","2022-07-18 11:45:53","2022-07-26 05:56:35","","<p>These biweekly office hours help new champions and those who would like to have guidance into Ki Futures to understand the structure of the program and where to find everything they need to support their sustainability journey.</p>","2022-05-26 08:00:00","2022-05-26 09:00:00","Office Hours","office-hours",""
"64","Workshop: Carbon Calculator","","Workshop: Carbon Calculator","2022-07-18 11:45:53","2022-07-26 05:56:35","","<p><span style=\"font-weight: 400;\">In this workshop, you will take the first steps to calculate your carbon footprint. Carbon emissions come from many sources (called Scope 1, 2, and 3) and can be generated by products, places, organizations, and individu","2022-05-31 17:00:00","2022-05-31 18:00:00","Workshop","workshop",""
"65","Social: Conservation","","Social: Conservation","2022-07-18 11:45:53","2022-07-26 05:56:35","","<p>This will be our first ever Social event. Each first Wednesday of the month, we are inviting everyone to get together during this informal gathering with different themes. This month’s theme is conservation.</p>","2022-06-01 17:00:00","2022-06-01 18:00:00","Social","social",""
"66","Deep Dive: Climate Anxiety","","Deep Dive: Climate Anxiety","2022-07-18 11:45:53","2022-07-26 05:56:35","","<p>Join us for this Deep Dive training with Megan Kennedy-Woodard on climate anxiety. Climate urgency is a global concern, but also a personal one. The environmental and social challenges facing the world today are feeding persistent worries about the Ear","2022-06-07 17:00:00","2022-06-07 18:00:00","Global Network Meeting","global-network-meeting",""
"67","Office Hours","","Office Hours","2022-07-18 11:45:53","2022-07-26 05:56:35","","<p>These biweekly office hours help new champions and those who would like to have guidance into Ki Futures to understand the structure of the program and where to find everything they need to support their sustainability journey.</p>","2022-06-09 17:00:00","2022-06-09 18:00:00","Office Hours","office-hours",""
"68","Core Training: Education &#038; Engagement","","Core Training: Education &#038; Engagement","2022-07-18 11:45:53","2022-07-26 05:56:35","","<p>Education and engagement are at the heart of what we do as cultural professionals. From our programming and our exhibitions to our artworks and performances &#8211; every output has the chance to change a person fundamentally. So how can we harness thi","2022-06-14 17:00:00","2022-06-14 18:00:00","Core Training","core-training",""
"69","Christopher &#8211; Regional Network Meeting","","Christopher &#8211; Regional Network Meeting","2022-07-18 11:45:53","2022-07-26 05:56:35","","","2022-06-20 13:30:00","2022-06-20 14:30:00","Regional Network Meeting","regional-network-meeting",""
"70","Alice &#8211; Regional Network Meeting","","Alice &#8211; Regional Network Meeting","2022-07-18 11:45:53","2022-07-26 05:56:35","","","2022-06-21 11:00:00","2022-06-21 12:00:00","Regional Network Meeting","regional-network-meeting",""
"71","Charlotte &#8211; Regional Network Meeting","","Charlotte &#8211; Regional Network Meeting","2022-07-18 11:45:53","2022-07-26 05:56:35","","","2022-06-22 12:00:00","2022-06-22 13:00:00","Regional Network Meeting","regional-network-meeting",""
"72","Office Hours","","Office Hours","2022-07-18 11:45:53","2022-07-26 05:56:35","","<p>These biweekly office hours help new champions and those who would like to have guidance into Ki Futures to understand the structure of the program and where to find everything they need to support their sustainability journey.</p>","2022-06-23 00:00:00","2022-06-23 01:00:00","Office Hours","office-hours",""
"73","Douglas &#8211; Regional Network Meeting","","Douglas &#8211; Regional Network Meeting","2022-07-18 11:45:53","2022-07-26 05:56:35","","","2022-06-23 15:00:00","2022-06-23 16:00:00","Regional Network Meeting","regional-network-meeting",""
"74","Kim &#8211; Regional Network Meeting","","Kim &#8211; Regional Network Meeting","2022-07-18 11:45:53","2022-07-26 05:56:35","","","2022-06-23 18:00:00","2022-06-23 19:00:00","Regional Network Meeting","regional-network-meeting",""
"75","Nicole &#8211; Regional Network Meeting","","Nicole &#8211; Regional Network Meeting","2022-07-18 11:45:53","2022-07-26 05:56:35","","","2022-06-24 11:00:00","2022-06-24 12:00:00","Regional Network Meeting","regional-network-meeting",""
"76","Deep Dive: Certification and Accreditation with Angela Moore","","Deep Dive: Certification and Accreditation with Angela Moore","2022-07-18 11:45:53","2022-07-26 05:56:35","","<p><span style=\"font-weight: 400;\">One of the many pathways for greening a museum or cultural site is through green building certifications.  With an integrative approach to implementing environmental sustainability practices for any organization, green b","2022-06-28 17:00:00","2022-06-28 18:00:00","Deep Dive Training","deep-dive-training",""
"77","Title TBD","","Title TBD","2022-07-18 11:45:53","2022-07-26 05:56:35","","<p>Some text goes here.</p>","2022-07-05 17:00:00","2022-07-05 18:00:00","Workshop","workshop","45"
"78","Social: Curators and Exhibitions","","Social: Curators and Exhibitions","2022-07-18 11:45:53","2022-07-26 05:56:35","","<p>Each first Wednesday of the month, we are inviting everyone to get together during this informal gathering with different themes. This month’s theme is Curators and exhibitions and the event will be hosted by Hannah Magnetta-Beck.</p>","2022-07-06 08:00:00","2022-07-06 09:00:00","Social","social","216,333,291"
"79","Office Hours","","Office Hours","2022-07-18 11:45:53","2022-07-26 05:56:35","","<p>These biweekly office hours help new champions and those who would like to have guidance into Ki Futures to understand the structure of the program and where to find everything they need to support their sustainability journey.</p>","2022-07-07 08:00:00","2022-07-07 09:00:00","Office Hours","office-hours",""
"80","Global Network Meeting: Champion Presentations","","Global Network Meeting: Champion Presentations","2022-07-18 11:45:53","2022-07-26 05:56:35","","<p>Share your work with your colleagues around the world! This is your chance to present and share your successes or ideas to get feedback and inspire. Make sure to let your Coach know if you want to present at this event!</p>","2022-07-12 08:00:00","2022-07-12 09:00:00","Global Network Meeting","global-network-meeting","45"
"81","Core Training: Exhibitions","","Core Training: Exhibitions","2022-07-20 13:31:51","2022-07-21 13:24:07","","<p>Our first Core Training on Exhibitions will outline the places where we can be more environmentally conscious in our exhibition design, execution, and transport.</p>","2022-03-01 17:00:00","2022-03-01 18:00:00","Core Training","core-training",""
"82","European Theatre Convention Regional Network Meeting","","European Theatre Convention Regional Network Meeting","2022-07-20 13:31:51","2022-07-21 13:24:07","","<p>Join our monthly RNM to connect with your Coach and other Champions. This is your time to ask questions and hear what how other Champions are progressing in their sustainability journeys.</p>","2022-03-02 15:00:00","2022-03-02 16:00:00","ETC Events","etc-events",""
"83","Christopher &#8211; Regional Network Meeting","","Christopher &#8211; Regional Network Meeting","2022-07-20 13:31:51","2022-07-21 13:24:07","","","2022-03-07 13:30:00","2022-03-07 14:30:00","Regional Network Meeting","regional-network-meeting",""
"84","Alice &#8211; Regional Network Meeting","","Alice &#8211; Regional Network Meeting","2022-07-20 13:31:51","2022-07-21 13:24:07","","","2022-03-08 11:00:00","2022-03-08 12:00:00","Regional Network Meeting","regional-network-meeting",""
"85","European Theatre Convention Core Training: Energy","","European Theatre Convention Core Training: Energy","2022-07-20 13:31:51","2022-07-21 13:24:07","","<p>Join us for this Core Training on Energy: where does it come from and where does it go? What is the link with carbon and how can we save money by saving energy?</p>","2022-03-09 15:00:00","2022-03-09 16:00:00","ETC Events","etc-events",""
"86","Douglas &#8211; Regional Network Meeting","","Douglas &#8211; Regional Network Meeting","2022-07-20 13:31:51","2022-07-21 13:24:07","","","2022-03-10 15:00:00","2022-03-10 16:00:00","Regional Network Meeting","regional-network-meeting",""
"87","Kim &#8211; Regional Network Meeting","","Kim &#8211; Regional Network Meeting","2022-07-20 13:31:51","2022-07-21 13:24:07","","","2022-03-10 18:00:00","2022-03-10 19:00:00","Regional Network Meeting","regional-network-meeting",""
"88","Nicole &#8211; Regional Network Meeting","","Nicole &#8211; Regional Network Meeting","2022-07-20 13:31:51","2022-07-21 13:24:07","","","2022-03-11 11:00:00","2022-03-11 12:00:00","Regional Network Meeting","regional-network-meeting",""
"89","Workshop: Forming Your Team- Breaking Down Organizational Silos","","Workshop: Forming Your Team- Breaking Down Organizational Silos","2022-07-20 13:31:51","2022-07-21 13:24:07","","<p><span style=\"font-weight: 400;\">Breaking down silos means limiting or removing divisions between people and departments in order to improve collaboration and communication within an organization or among stakeholders. In this workshop, we will discuss ","2022-03-15 17:00:00","2022-03-15 18:00:00","Workshop","workshop",""
"90","European Theatre Convention Workshop: Forming Your Team","","European Theatre Convention Workshop: Forming Your Team","2022-07-20 13:31:51","2022-07-21 13:24:07","","<p>Join us to discuss strategy for gaining allies for your sustainability team and create a game plan for fostering a culture of sustainability at your institution.</p>","2022-03-16 15:00:00","2022-03-16 16:00:00","ETC Events","etc-events",""
"91","Orientation Session","","Orientation Session","2022-07-20 13:31:51","2022-07-21 13:24:07","","<p>These biweekly orientation sessions help new champions and those who would like to have guidance into Ki Futures to understand the structure of the program and where to find everything they need to support their sustainability journey.</p>","2022-03-17 17:00:00","2022-03-17 18:00:00","Office Hours","office-hours",""
"92","Deep Dive Training: Behavioral Economics with Mareike Schomerus","","Deep Dive Training: Behavioral Economics with Mareike Schomerus","2022-07-20 13:31:51","2022-07-21 13:24:07","","<p><span style=\"font-weight: 400;\">Expert <span data-sheets-value=\"{&quot;1&quot;:2,&quot;2&quot;:&quot;Mareike Schomerus&quot;}\" data-sheets-userformat=\"{&quot;2&quot;:513,&quot;3&quot;:{&quot;1&quot;:0},&quot;12&quot;:0}\">Mareike Schomerus join us in ex","2022-03-22 17:00:00","2022-03-22 18:00:00","Deep Dive Training","deep-dive-training",""
"93","European Theatre Convention Core Training: Materials","","European Theatre Convention Core Training: Materials","2022-07-20 13:31:51","2022-07-21 13:24:07","","<p>Join us for this Core Training on Materials and the theory behind materials: Circular Economy, LCA, and the 5Rs. Learn why &#8220;waste&#8221; is a wasted word and how to look at materials differently.</p>","2022-03-23 15:00:00","2022-03-23 16:00:00","ETC Events","etc-events",""
"94","Global Network Meeting: Networking for all Ki Futures Participants and the European Theatre Convention","","Global Network Meeting: Networking for all Ki Futures Participants and the European Theatre Convention","2022-07-20 13:31:51","2022-07-21 13:24:07","","<p>Join us for our first Global Networking Session with special guests from our ETC Pilot! Meet one-on-one with other Champions, Ki Team Members, and Coaches from around the world. Share, inspire, and connect!</p>","2022-03-29 17:00:00","2022-03-29 18:00:00","Global Network Meeting","global-network-meeting",""
"95","Orientation Session","","Orientation Session","2022-07-20 13:31:51","2022-07-21 13:24:07","","<p>These biweekly orientation sessions help new champions and those who would like to have guidance into Ki Futures to understand the structure of the program and where to find everything they need to support their sustainability journey.</p>","2022-03-31 17:00:00","2022-03-31 18:00:00","Office Hours","office-hours",""
"96","Core Training: Energy","","Core Training: Energy","2022-07-20 13:31:51","2022-07-21 13:24:07","","<p>Energy! One of our largest carbon contributors and the invisible culprit. Join this Core Training to learn the difference between net-zero and carbon neutral, the energy hierarchy, and how to talk about your carbon reduction plan.</p>","2022-04-05 17:00:00","2022-04-05 17:00:00","Core Training","core-training",""
"97","European Theatre Convention Deep Dive Training: Sustainability in Conversation","","European Theatre Convention Deep Dive Training: Sustainability in Conversation","2022-07-20 13:31:51","2022-07-21 13:24:07","","<p>Sustainability… the “S” word. Sometimes when you talk about sustainability, people’s eyes glaze over and they disconnect. Many believe that the “S” word has been overused and it no longer holds much meaning. Others can get defensive or negative when we","2022-04-06 15:00:00","2022-04-06 16:00:00","ETC Events","etc-events",""
"98","Christopher &#8211; Regional Network Meeting","","Christopher &#8211; Regional Network Meeting","2022-07-20 13:31:51","2022-07-21 13:24:07","","","2022-04-11 13:30:00","2022-04-11 14:30:00","Regional Network Meeting","regional-network-meeting",""
"99","Alice &#8211; Regional Network Meeting","","Alice &#8211; Regional Network Meeting","2022-07-20 13:31:51","2022-07-21 13:24:07","","","2022-04-12 11:00:00","2022-04-12 12:00:00","Regional Network Meeting","regional-network-meeting",""
"100","European Theatre Convention Deep Dive Training: Circular Set Design","","European Theatre Convention Deep Dive Training: Circular Set Design","2022-07-20 13:31:51","2022-07-21 13:24:07","","<p>Hosted by Sandra Goldmark, join us for a Deep Dive into circular design in theatre.</p>","2022-04-13 15:00:00","2022-04-13 16:00:00","ETC Events","etc-events",""
"101","Douglas &#8211; Regional Network Meeting","","Douglas &#8211; Regional Network Meeting","2022-07-20 13:31:51","2022-07-21 13:24:07","","","2022-04-14 15:00:00","2022-04-14 16:00:00","Regional Network Meeting","regional-network-meeting",""
"102","Kim &#8211; Regional Network Meeting","","Kim &#8211; Regional Network Meeting","2022-07-20 13:31:51","2022-07-21 13:24:07","","","2022-04-14 18:00:00","2022-04-14 19:00:00","Regional Network Meeting","regional-network-meeting",""
"103","Orientation Session","","Orientation Session","2022-07-20 13:31:51","2022-07-21 13:24:07","","<p>These biweekly orientation sessions help new champions and those who would like to have guidance into Ki Futures to understand the structure of the program and where to find everything they need to support their sustainability journey.</p>","2022-04-14 18:00:00","2022-04-14 19:00:00","Office Hours","office-hours",""
"104","Nicole &#8211; Regional Network Meeting","","Nicole &#8211; Regional Network Meeting","2022-07-20 13:31:51","2022-07-21 13:24:07","","","2022-04-15 11:00:00","2022-04-15 12:00:00","Regional Network Meeting","regional-network-meeting",""
"105","Deep Dive: The Anthropocene","","Deep Dive: The Anthropocene","2022-07-20 13:31:51","2022-07-21 13:24:07","","<p><b>The Anthropocene – an introduction </b></p>\n<p>Human civilization has grown around the stable shorelines, climate and diverse biosphere of the last ten millennia or so of the Holocene Epoch:  the latest of many interglacial phases of the Quaternary ","2022-04-19 17:00:00","2022-04-19 18:00:00","Deep Dive Training","deep-dive-training",""
"106","European Theatre Convention Workshop: Champion Presentations","","European Theatre Convention Workshop: Champion Presentations","2022-07-20 13:31:51","2022-07-21 13:24:07","","<p>Present your work, projects, ideas, and successes to your colleagues during this Global Network Meeting where Champions can showcase their sustainability journeys and invite peer-to-peer review and co-creation.</p>","2022-04-20 15:00:00","2022-04-20 16:00:00","ETC Events","etc-events",""
"107","Workshop: Developing Your Energy Baseline","","Workshop: Developing Your Energy Baseline","2022-07-20 13:31:51","2022-07-21 13:24:07","","<p><span style=\"font-weight: 400;\">This workshop outlines how to develop your energy baseline &#8211; the amount of energy you use. This reference point is needed for your organization to compare energy performance before and after changes are made to you","2022-04-26 15:00:00","2022-04-26 16:00:00","Workshop","workshop",""
"108","European Theatre Convention Pilot Finale","","European Theatre Convention Pilot Finale","2022-07-20 13:31:51","2022-07-21 13:24:07","","<p>In our final meeting, we will summarize our Pilot and have a chance to debrief and reflect on our experience, as well as discuss next steps for the future of Ki Futures and the ETC!</p>","2022-04-27 15:00:00","2022-04-27 16:00:00","ETC Events","etc-events",""
"109","Orientation Session","","Orientation Session","2022-07-20 13:31:51","2022-07-21 13:24:07","","<p>These biweekly orientation sessions help new champions and those who would like to have guidance into Ki Futures to understand the structure of the program and where to find everything they need to support their sustainability journey.</p>","2022-04-28 17:00:00","2022-04-28 18:00:00","Office Hours","office-hours",""
"110","Ki Futures Launch! Global Network Meeting","","Ki Futures Launch! Global Network Meeting","2022-07-21 13:24:00","2022-07-21 13:24:07","","<p>Welcome to Ki Futures! We are so excited to start this journey with you. Join us to find out more about what you can expect from Ki Futures and how to start seeing everything with a sustainability lens.</p>","2022-01-18 17:00:00","2022-01-18 18:00:00","Global Network Meeting","global-network-meeting",""
"111","European Theatre Convention Ki Futures Launch! Global Network Meeting","","European Theatre Convention Ki Futures Launch! Global Network Meeting","2022-07-21 13:24:00","2022-07-21 13:24:07","","<p>Welcome to Ki Futures! Join us to find out more about the program and what to expect over the three month Pilot.</p>","2022-01-19 15:00:00","2022-01-19 16:00:00","ETC Events","etc-events",""
"112","Alice &#8211; Regional Network Meeting","","Alice &#8211; Regional Network Meeting","2022-07-21 13:24:00","2022-07-21 13:24:07","","","2022-01-25 11:00:00","2022-01-25 12:00:00","Regional Network Meeting","regional-network-meeting",""
"113","European Theatre Convention Core Training: Introduction to Sustainability for Culture","","European Theatre Convention Core Training: Introduction to Sustainability for Culture","2022-07-21 13:24:00","2022-07-21 13:24:07","","<p>In this Core Training session, we will be introduced to &#8220;sustainability&#8221; to discover what this word means, how to use it effectively, and how it applies to us as cultural professionals.</p>\n<p>&nbsp;</p>","2022-01-26 15:00:00","2022-01-26 16:00:00","ETC Events","etc-events",""
"114","Douglas &#8211; Regional Network Meeting","","Douglas &#8211; Regional Network Meeting","2022-07-21 13:24:00","2022-07-21 13:24:07","","","2022-01-27 15:00:00","2022-01-27 16:00:00","Regional Network Meeting","regional-network-meeting",""
"115","Kim &#8211; Regional Network Meeting","","Kim &#8211; Regional Network Meeting","2022-07-21 13:24:00","2022-07-21 13:24:07","","","2022-01-27 18:00:00","2022-01-27 19:00:00","Regional Network Meeting","regional-network-meeting",""
"116","Nicole &#8211; Regional Network Meeting","","Nicole &#8211; Regional Network Meeting","2022-07-21 13:24:00","2022-07-21 13:24:07","","","2022-01-28 11:00:00","2022-01-28 12:00:00","Regional Network Meeting","regional-network-meeting",""
"117","Christopher &#8211; Regional Network Meeting","","Christopher &#8211; Regional Network Meeting","2022-07-21 13:24:00","2022-07-21 13:24:07","","","2022-01-31 13:30:00","2022-01-31 14:30:00","Regional Network Meeting","regional-network-meeting",""
"118","Core Training: Introduction to Sustainability for Culture","","Core Training: Introduction to Sustainability for Culture","2022-07-21 13:24:00","2022-07-21 13:24:07","","<p>We&#8217;ve all heard the word, we probably know what the SDGs are, and how important the Paris Agreement is for preventing the extinction of our species. But how does this actually apply to our daily jobs? Join us to learn about sustainability in the ","2022-02-01 17:00:00","2022-02-01 18:00:00","Core Training","core-training",""
"119","European Theatre Convention Workshop: Setting Yourself Up For Success","","European Theatre Convention Workshop: Setting Yourself Up For Success","2022-07-21 13:24:00","2022-07-21 13:24:07","","<p><span style=\"font-weight: 400;\">Join our first workshop to start off Ki Futures with all of the tools and information you need to succeed! We will go over the various things you will need for your sustainability journey &#8211; from internal policies a","2022-02-02 15:00:00","2022-02-02 16:00:00","ETC Events","etc-events",""
"120","Workshops: Setting Yourself Up for Success","","Workshops: Setting Yourself Up for Success","2022-07-21 13:24:00","2022-07-21 13:24:07","","<p><span style=\"font-weight: 400;\">Join our first workshop to start off Ki Futures with all of the tools and information you need to succeed! We will go over the various things you will need for your sustainability journey &#8211; from internal policies a","2022-02-08 17:00:00","2022-02-08 18:00:00","Workshop","workshop",""
"121","European Theatre Convention Regional Network Meeting","","European Theatre Convention Regional Network Meeting","2022-07-21 13:24:00","2022-07-21 13:24:07","","<p>Join ETC Coach Thierry Leonardi for our first Regional Network Meeting where we will meet all the Champions and discuss collective action for sustainability.</p>","2022-02-09 15:00:00","2022-02-09 16:00:00","ETC Events","etc-events",""
"122","Deep Dive: Futures Literacy with Loes Damhof","","Deep Dive: Futures Literacy with Loes Damhof","2022-07-21 13:24:00","2022-07-21 13:24:07","","<p><span style=\"font-weight: 400;\">Futures Literacy is a meta-skill helping individuals understand how the future affects the present and how human actions affect the future. In this training, we take a deep-dive into Futures Literacy and its application ","2022-02-15 17:00:00","2022-02-15 18:00:00","Deep Dive Training","deep-dive-training",""
"123","European Theatre Convention Deep Dive Training: Audience Engagement","","European Theatre Convention Deep Dive Training: Audience Engagement","2022-07-21 13:24:00","2022-07-21 13:24:07","","<p>We welcome Jessica Litwak, Director of the H.E.A.T. initiative and expert in theatre for social change and community engagement to teach us how to engage our audiences and be effective change makers with our communities.</p>","2022-02-16 15:00:00","2022-02-16 16:00:00","ETC Events","etc-events",""
"124","Global Network Meeting: Guest Speaker Cecilia Lam","","Global Network Meeting: Guest Speaker Cecilia Lam","2022-07-21 13:24:00","2022-07-21 13:24:07","","<p>Join us in welcoming Cecilia Lam, Director of the Jockey Club Museum of Climate Change in Hong Kong, who will present her museum&#8217;s incredible work and programming to inspire us all.</p>","2022-02-23 00:00:00","2022-02-23 01:00:00","Global Network Meeting","global-network-meeting",""
"125","European Theatre Convention Core Training: Social Sustainability","","European Theatre Convention Core Training: Social Sustainability","2022-07-21 13:24:00","2022-07-21 13:24:07","","<p>Our Core Training on Social Sustainability introduces the concept of Social Sustainability and why decolonization applies to us all. Learn how to break down structural racism and be advocates for social justice daily. Come to ask and answer the uncomfo","2022-02-23 15:00:00","2022-02-23 16:00:00","ETC Events","etc-events",""
"128","Office Hours","","Office Hours","2022-07-26 05:56:35","2022-07-26 05:56:35","","<p>These biweekly office hours help new champions and those who would like to have guidance into Ki Futures to understand the structure of the program and where to find everything they need to support their sustainability journey.</p>","2022-12-08 00:00:00","2022-12-08 01:00:00","Office Hours","office-hours",""
"129","Alice &#8211; Regional Network Meeting","","Alice &#8211; Regional Network Meeting","2022-07-26 05:56:35","2022-07-26 05:56:35","","","2022-12-13 11:00:00","2022-12-13 12:00:00","Regional Network Meeting","regional-network-meeting",""
"130","Douglas &#8211; Regional Network Meeting","","Douglas &#8211; Regional Network Meeting","2022-07-26 05:56:35","2022-07-26 05:56:35","","","2022-12-15 15:00:00","2022-12-15 16:00:00","Regional Network Meeting","regional-network-meeting",""
"131","Kim &#8211; Regional Network Meeting","","Kim &#8211; Regional Network Meeting","2022-07-26 05:56:35","2022-07-26 05:56:35","","","2022-12-15 18:00:00","2022-12-15 19:00:00","Regional Network Meeting","regional-network-meeting",""
"132","Nicole &#8211; Regional Network Meeting","","Nicole &#8211; Regional Network Meeting","2022-07-26 05:56:35","2022-07-26 05:56:35","","","2022-12-16 11:00:00","2022-12-16 12:00:00","Regional Network Meeting","regional-network-meeting",""
"133","Deep Dive: Storytelling","","Deep Dive: Storytelling","2022-07-26 05:56:35","2022-07-26 05:56:35","","<p><span style=\"font-weight: 400;\">Storytelling is not just telling stories. It is a way to engage your audience. This training will explore the most common practices of storytelling with a specific focus on climate change. Even though the majority of env","2022-12-20 17:00:00","2022-12-20 18:00:00","Deep Dive Training","deep-dive-training",""
"134","Office Hours","","Office Hours","2022-07-26 05:56:35","2022-07-26 05:56:35","","<p>These biweekly office hours help new champions and those who would like to have guidance into Ki Futures to understand the structure of the program and where to find everything they need to support their sustainability journey.</p>","2022-12-22 08:00:00","2022-12-22 09:00:00","Office Hours","office-hours",""
"135","Title TBD","881","Title TBD","2022-07-27 05:20:57","2022-07-27 05:29:10","","<p>Some text goes here.</p>","2022-07-05 17:00:00","2022-07-05 18:00:00","Workshop","workshop","45"
"136","Social: Curators and Exhibitions","1398","Social: Curators and Exhibitions","2022-07-27 05:20:57","2022-07-27 05:29:10","","<p>Each first Wednesday of the month, we are inviting everyone to get together during this informal gathering with different themes. This month’s theme is Curators and exhibitions and the event will be hosted by Hannah Magnetta-Beck.</p>","2022-07-06 08:00:00","2022-07-06 09:00:00","Social","social","216,333,291"
"137","Office Hours","1083","Office Hours","2022-07-27 05:20:57","2022-07-27 05:29:10","","<p>These biweekly office hours help new champions and those who would like to have guidance into Ki Futures to understand the structure of the program and where to find everything they need to support their sustainability journey.</p>","2022-07-07 08:00:00","2022-07-07 09:00:00","Office Hours","office-hours",""
"138","Global Network Meeting: Champion Presentations","882","Global Network Meeting: Champion Presentations","2022-07-27 05:20:57","2022-07-27 05:29:10","","<p>Share your work with your colleagues around the world! This is your chance to present and share your successes or ideas to get feedback and inspire. Make sure to let your Coach know if you want to present at this event!</p>","2022-07-12 08:00:00","2022-07-12 09:00:00","Global Network Meeting","global-network-meeting","45"
"139","Deep Dive: Fundraising for Sustainability in Culture","883","Deep Dive: Fundraising for Sustainability in Culture","2022-07-27 05:20:57","2022-07-27 05:29:10","","","2022-07-19 08:00:00","2022-07-19 09:00:00","Deep Dive Training","deep-dive-training",""
"140","Office Hours","1084","Office Hours","2022-07-27 05:20:57","2022-07-27 05:29:10","","<p>These biweekly office hours help new champions and those who would like to have guidance into Ki Futures to understand the structure of the program and where to find everything they need to support their sustainability journey.</p>","2022-07-21 17:00:00","2022-07-21 18:00:00","Office Hours","office-hours",""
"141","Christopher &#8211; Regional Network Meeting","963","Christopher &#8211; Regional Network Meeting","2022-07-27 05:20:57","2022-07-27 05:29:10","","","2022-07-25 13:30:00","2022-07-25 14:30:00","Regional Network Meeting","regional-network-meeting",""
"142","Alice &#8211; Regional Network Meeting","846","Alice &#8211; Regional Network Meeting","2022-07-27 05:20:57","2022-07-27 05:29:10","","","2022-07-26 11:00:00","2022-07-26 12:00:00","Regional Network Meeting","regional-network-meeting",""
"143","Charlotte &#8211; Regional Network Meeting","1419","Charlotte &#8211; Regional Network Meeting","2022-07-27 05:20:57","2022-07-27 05:29:10","","","2022-07-27 12:00:00","2022-07-27 13:00:00","Regional Network Meeting","regional-network-meeting",""
"144","Douglas &#8211; Regional Network Meeting","749","Douglas &#8211; Regional Network Meeting","2022-07-27 05:20:57","2022-07-27 05:29:10","","","2022-07-28 15:00:00","2022-07-28 16:00:00","Regional Network Meeting","regional-network-meeting","45"
"145","Kim &#8211; Regional Network Meeting","814","Kim &#8211; Regional Network Meeting","2022-07-27 05:20:57","2022-07-27 05:29:10","","","2022-07-28 18:00:00","2022-07-28 19:00:00","Regional Network Meeting","regional-network-meeting","33"
"146","Nicole &#8211; Regional Network Meeting","824","Nicole &#8211; Regional Network Meeting","2022-07-27 05:20:57","2022-07-27 05:29:10","","","2022-07-29 11:00:00","2022-07-29 12:00:00","Regional Network Meeting","regional-network-meeting","14"
"147","Deep Dive: PR / CSR Communications with Deborah Ziska","873","Deep Dive: PR / CSR Communications with Deborah Ziska","2022-07-27 05:20:57","2022-07-27 05:29:10","","<p><span style=\"font-weight: 400;\"><span data-sheets-value=\"{&quot;1&quot;:2,&quot;2&quot;:&quot;Deborah Ziska&quot;}\" data-sheets-userformat=\"{&quot;2&quot;:513,&quot;3&quot;:{&quot;1&quot;:0},&quot;12&quot;:0}\">Communications expert Deborah Ziska joins ","2022-08-03 00:00:00","2022-08-03 01:00:00","Deep Dive Training","deep-dive-training",""
"148","Office Hours","1085","Office Hours","2022-07-27 05:20:57","2022-07-27 05:29:10","","<p>These biweekly office hours help new champions and those who would like to have guidance into Ki Futures to understand the structure of the program and where to find everything they need to support their sustainability journey.</p>","2022-08-04 00:00:00","2022-08-04 01:00:00","Office Hours","office-hours",""
"149","Social: Artists","1399","Social: Artists","2022-07-27 05:20:57","2022-07-27 05:29:10","","<p>Each first Wednesday of the month, we are inviting everyone to get together during this informal gathering with different themes. This month’s theme is artists.</p>","2022-08-04 00:00:00","2022-08-04 01:00:00","Social","social",""
"150","Workshop: Policy Writing &#8211; Part I","884","Workshop: Policy Writing &#8211; Part I","2022-07-27 05:20:57","2022-07-27 05:29:10","","<p><span style=\"font-weight: 400;\">Having appropriate policies in place can pave the way for an institution to take sustainable action. This includes loan agreements, mission and vision statements, tenders, collections management, events, and documentatio","2022-08-10 00:00:00","2022-08-10 01:00:00","Workshop","workshop",""
"151","Global Network Meeting: Guest Speaker","886","Global Network Meeting: Guest Speaker","2022-07-27 05:20:57","2022-07-27 05:29:10","","<p>Our GNM this month will welcome a very special guest speaker to present on their work in this sector &#8211; stay tuned!</p>","2022-08-16 17:00:00","2022-08-16 18:00:00","Global Network Meeting","global-network-meeting",""
"152","Office Hours","1086","Office Hours","2022-07-27 05:20:57","2022-07-27 05:29:10","","<p>These biweekly office hours help new champions and those who would like to have guidance into Ki Futures to understand the structure of the program and where to find everything they need to support their sustainability journey.</p>","2022-08-18 08:00:00","2022-08-18 09:00:00","Office Hours","office-hours",""
"153","Core Training: Social Sustainability","887","Core Training: Social Sustainability","2022-07-27 05:20:57","2022-07-27 05:29:10","","<p>Social equality, racial justice, intersectional activism, decolonization, belonging &#8211; social sustainability has many names. In this core training, we explore these &#8211; and how we can be mindful in our practices to uphold our core values of be","2022-08-23 17:00:00","2022-08-23 18:00:00","Core Training","core-training",""
"154","Alice &#8211; Regional Network Meeting","847","Alice &#8211; Regional Network Meeting","2022-07-27 05:20:57","2022-07-27 05:29:10","","","2022-08-30 11:00:00","2022-08-30 12:00:00","Regional Network Meeting","regional-network-meeting",""
"155","Douglas &#8211; Regional Network Meeting","750","Douglas &#8211; Regional Network Meeting","2022-07-27 05:20:57","2022-07-27 05:29:10","","","2022-09-01 15:00:00","2022-09-01 16:00:00","Regional Network Meeting","regional-network-meeting",""
"156","Office Hours","1087","Office Hours","2022-07-27 05:20:57","2022-07-27 05:29:10","","<p>These biweekly office hours help new champions and those who would like to have guidance into Ki Futures to understand the structure of the program and where to find everything they need to support their sustainability journey.</p>","2022-09-01 17:00:00","2022-09-01 18:00:00","Office Hours","office-hours",""
"157","Kim &#8211; Regional Network Meeting","815","Kim &#8211; Regional Network Meeting","2022-07-27 05:20:57","2022-07-27 05:29:10","","","2022-09-01 18:00:00","2022-09-01 19:00:00","Regional Network Meeting","regional-network-meeting",""
"158","Nicole &#8211; Regional Network Meeting","825","Nicole &#8211; Regional Network Meeting","2022-07-27 05:20:57","2022-07-27 05:29:10","","","2022-09-02 11:00:00","2022-09-02 12:00:00","Regional Network Meeting","regional-network-meeting",""
"159","Deep Dive: Education &#038; the SDGs","874","Deep Dive: Education &#038; the SDGs","2022-07-27 05:20:57","2022-07-27 05:29:10","","<p><span style=\"font-weight: 400;\">The SDGs of the UN 2030 Agenda outline the path to achieve a sustainable future. This training provides key insights into education for sustainable development. It also explores how to communicate the SDGs in an attracti","2022-09-06 17:00:00","2022-09-06 18:00:00","Deep Dive Training","deep-dive-training",""
"160","Social: Sustainability Leads","1400","Social: Sustainability Leads","2022-07-27 05:20:57","2022-07-27 05:29:10","","<p>Each first Wednesday of the month, we are inviting everyone to get together during this informal gathering with different themes. This month’s theme is sustainability leads.</p>","2022-09-07 17:00:00","2022-09-07 18:00:00","Social","social",""
"161","Workshop: Policy Writing &#8211; Part II","885","Workshop: Policy Writing &#8211; Part II","2022-07-27 05:20:57","2022-07-27 05:29:10","","<p><span style=\"font-weight: 400;\">Having appropriate policies in place can pave the way for an institution to take sustainable action. This includes loan agreements, mission and vision statements, tenders, collections management, events, and documentatio","2022-09-13 08:00:00","2022-09-13 09:00:00","Workshop","workshop",""
"162","Office Hours","1088","Office Hours","2022-07-27 05:20:57","2022-07-27 05:29:10","","<p>These biweekly office hours help new champions and those who would like to have guidance into Ki Futures to understand the structure of the program and where to find everything they need to support their sustainability journey.</p>","2022-09-15 00:00:00","2022-09-15 01:00:00","Office Hours","office-hours",""
"163","Global Network Meeting: Champion Presentations","888","Global Network Meeting: Champion Presentations","2022-07-27 05:20:57","2022-07-27 05:29:10","","<p>Join us to find out what your colleagues have been doing this year &#8211; share your stories, experiences, and contribute to the international peer-to-peer learning and knowledge exchange. Feel free to present in your own language and let us know if w","2022-09-21 00:00:00","2022-09-21 01:00:00","Global Network Meeting","global-network-meeting",""
"164","Core Training: Materials with Kim Kraczon","889","Core Training: Materials with Kim Kraczon","2022-07-27 05:20:57","2022-07-27 05:29:10","","<p>Kim Kraczon joins us for this special Core Session on materials &#8211; with a focus on testing and use of alternative materials for conservation and collections management. Join us to find out what alternatives are available and how you can be sure th","2022-09-28 00:00:00","2022-09-28 01:00:00","Core Training","core-training",""
"165","Office Hours","1089","Office Hours","2022-07-27 05:20:57","2022-07-27 05:29:10","","<p>These biweekly office hours help new champions and those who would like to have guidance into Ki Futures to understand the structure of the program and where to find everything they need to support their sustainability journey.</p>","2022-09-29 08:00:00","2022-09-29 09:00:00","Office Hours","office-hours",""
"166","Alice &#8211; Regional Network Meeting","848","Alice &#8211; Regional Network Meeting","2022-07-27 05:20:57","2022-07-27 05:29:10","","","2022-10-04 11:00:00","2022-10-04 12:00:00","Regional Network Meeting","regional-network-meeting",""
"167","Social: Performing Arts","1401","Social: Performing Arts","2022-07-27 05:20:57","2022-07-27 05:29:10","","<p>Each first Wednesday of the month, we are inviting everyone to get together during this informal gathering with different themes. This month’s theme is performing arts.</p>","2022-10-05 08:00:00","2022-10-05 08:00:00","Social","social",""
"168","Douglas &#8211; Regional Network Meeting","751","Douglas &#8211; Regional Network Meeting","2022-07-27 05:20:57","2022-07-27 05:29:10","","","2022-10-06 15:00:00","2022-10-06 16:00:00","Regional Network Meeting","regional-network-meeting",""
"169","Kim &#8211; Regional Network Meeting","816","Kim &#8211; Regional Network Meeting","2022-07-27 05:20:57","2022-07-27 05:29:10","","","2022-10-06 18:00:00","2022-10-06 19:00:00","Regional Network Meeting","regional-network-meeting",""
"170","Nicole &#8211; Regional Network Meeting","826","Nicole &#8211; Regional Network Meeting","2022-07-27 05:20:57","2022-07-27 05:29:10","","","2022-10-07 11:00:00","2022-10-07 12:00:00","Regional Network Meeting","regional-network-meeting",""
"171","Deep Dive: Circularity","875","Deep Dive: Circularity","2022-07-27 05:20:57","2022-07-27 05:29:10","","<p>The Ellen MacArthur Foundation, the leading organization in the world on circular economics, joins us to<span style=\"font-weight: 400;\"> introduce the circular economy and demonstrate how it applies to everything we do. Circularity is based on a regene","2022-10-11 08:00:00","2022-10-11 09:00:00","Deep Dive Training","deep-dive-training",""
"172","Office Hours","1090","Office Hours","2022-07-27 05:20:57","2022-07-27 05:29:10","","<p>These biweekly office hours help new champions and those who would like to have guidance into Ki Futures to understand the structure of the program and where to find everything they need to support their sustainability journey.</p>","2022-10-13 17:00:00","2022-10-13 18:00:00","Office Hours","office-hours",""
"173","Workshop: Circular Exhibitions with Marije Remigius","890","Workshop: Circular Exhibitions with Marije Remigius","2022-07-27 05:20:57","2022-07-27 05:29:10","","<p><span style=\"font-weight: 400;\">Exhibitions can be made sustainable by applying circular principles. Circular solutions to the exhibition design, materials, and building processes are all readily available and can be implemented anywhere, by anyone. In","2022-10-18 17:00:00","2022-10-18 18:00:00","Workshop","workshop",""
"174","Global Network Meeting: Guest Speaker Dilshanie Perera","892","Global Network Meeting: Guest Speaker Dilshanie Perera","2022-07-27 05:20:57","2022-07-27 05:29:10","","<p>Join us in welcoming Dilshanie Perera from the Climate Museum NY who is graciously joining us to talk about her work at the Climate Museum and the incredible programming this inspirational institution has been running.</p>","2022-10-25 08:00:00","2022-10-25 09:00:00","Global Network Meeting","global-network-meeting",""
"175","Office Hours","1091","Office Hours","2022-07-27 05:20:57","2022-07-27 05:29:10","","<p>These biweekly office hours help new champions and those who would like to have guidance into Ki Futures to understand the structure of the program and where to find everything they need to support their sustainability journey.</p>","2022-10-27 00:00:00","2022-10-27 01:00:00","Office Hours","office-hours",""
"176","Core Training: Exhibitions","893","Core Training: Exhibitions","2022-07-27 05:20:57","2022-07-27 05:29:10","","<p>Exhibitions are key to many of our organizations &#8211; whether they are permanent, temporary, or pop-up, onsite or off, our exhibitions are an incredible way for us to connect with our communities and with each other. And they present an amazing oppo","2022-11-01 17:00:00","2022-11-01 18:00:00","Core Training","core-training",""
"177","Social: Historians and Archaeologists","1402","Social: Historians and Archaeologists","2022-07-27 05:20:57","2022-07-27 05:29:10","","<p>Each first Wednesday of the month, we are inviting everyone to get together during this informal gathering with different themes. This month’s theme is historians and archaeologists.</p>","2022-11-03 00:00:00","2022-11-03 01:00:00","Social","social",""
"178","Alice &#8211; Regional Network Meeting","849","Alice &#8211; Regional Network Meeting","2022-07-27 05:20:57","2022-07-27 05:29:10","","","2022-11-08 11:00:00","2022-11-08 12:00:00","Regional Network Meeting","regional-network-meeting",""
"179","Office Hours","1092","Office Hours","2022-07-27 05:20:57","2022-07-27 05:29:10","","<p>These biweekly office hours help new champions and those who would like to have guidance into Ki Futures to understand the structure of the program and where to find everything they need to support their sustainability journey.</p>","2022-11-10 08:00:00","2022-11-10 09:00:00","Office Hours","office-hours",""
"180","Douglas &#8211; Regional Network Meeting","752","Douglas &#8211; Regional Network Meeting","2022-07-27 05:20:57","2022-07-27 05:29:10","","","2022-11-10 15:00:00","2022-11-10 16:00:00","Regional Network Meeting","regional-network-meeting",""
"181","Kim &#8211; Regional Network Meeting","817","Kim &#8211; Regional Network Meeting","2022-07-27 05:20:57","2022-07-27 05:29:10","","","2022-11-10 18:00:00","2022-11-10 19:00:00","Regional Network Meeting","regional-network-meeting",""
"182","Nicole &#8211; Regional Network Meeting","827","Nicole &#8211; Regional Network Meeting","2022-07-27 05:20:57","2022-07-27 05:29:10","","","2022-11-11 11:00:00","2022-11-11 12:00:00","Regional Network Meeting","regional-network-meeting",""
"183","Deep Dive: Degrowth with Filka Sekulova","876","Deep Dive: Degrowth with Filka Sekulova","2022-07-27 05:20:57","2022-07-27 05:29:10","","<p><span style=\"font-weight: 400;\">This training focuses on the idea of degrowth that critiques the capitalist system which pursues growth at all costs, instead prioritizing social and environmental wellbeing. Degrowth theories are based on the need to re","2022-11-15 09:00:00","2022-11-15 10:00:00","Deep Dive Training","deep-dive-training",""
"184","Workshop: Alternative Materials with Olivia Ann Carye Hallstein","896","Workshop: Alternative Materials with Olivia Ann Carye Hallstein","2022-07-27 05:20:57","2022-07-27 05:29:10","","<p>Join us for fun with art materials! During this workshop, host <span class=\"il\">Olivia</span> Ann Carye Hallstein will help us see the value in our trash, and the possibilities in our creations, and what material sustainability looks like in practice. ","2022-11-23 00:00:00","2022-11-23 01:00:00","Workshop","workshop",""
"185","Office Hours","1094","Office Hours","2022-07-27 05:20:57","2022-07-27 05:29:10","","<p>These biweekly office hours help new champions and those who would like to have guidance into Ki Futures to understand the structure of the program and where to find everything they need to support their sustainability journey.</p>","2022-11-24 17:00:00","2022-11-24 18:00:00","Office Hours","office-hours",""
"186","Global Network Meeting: Networking","897","Global Network Meeting: Networking","2022-07-27 05:20:57","2022-07-27 05:29:10","","<p>Join us for this installation of our global networking session where you can meet other Ki Futures Champions, Team Members, and Coaches from around the world. Grow your network and your knowledge here.</p>","2022-11-29 17:00:00","2022-11-29 18:00:00","Global Network Meeting","global-network-meeting",""
"187","Core Training: Sustainable Tourism","898","Core Training: Sustainable Tourism","2022-07-27 05:20:57","2022-07-27 05:29:10","","<p>In line with Ki Culture&#8217;s sixth Ki Book, Sustainable Tourism outlines the role of culture in promoting sustainable and positive international experiences. Travel makes us richer &#8211; but it can be damaging not only to the planet, but also to c","2022-12-07 00:00:00","2022-12-07 01:00:00","Core Training","core-training",""
"188","Social: Technicians, Designers and Builders","1403","Social: Technicians, Designers and Builders","2022-07-27 05:20:57","2022-07-27 05:29:10","","<p>Each first Wednesday of the month, we are inviting everyone to get together during this informal gathering with different themes. This month’s theme is technicians, designers and builders.</p>","2022-12-07 17:00:00","2022-12-07 18:00:00","Social","social",""
"189","Office Hours","1095","Office Hours","2022-07-27 05:20:57","2022-07-27 05:29:10","","<p>These biweekly office hours help new champions and those who would like to have guidance into Ki Futures to understand the structure of the program and where to find everything they need to support their sustainability journey.</p>","2022-12-08 00:00:00","2022-12-08 01:00:00","Office Hours","office-hours",""
"190","Alice &#8211; Regional Network Meeting","850","Alice &#8211; Regional Network Meeting","2022-07-27 05:20:57","2022-07-27 05:29:10","","","2022-12-13 11:00:00","2022-12-13 12:00:00","Regional Network Meeting","regional-network-meeting",""
"191","Douglas &#8211; Regional Network Meeting","753","Douglas &#8211; Regional Network Meeting","2022-07-27 05:20:57","2022-07-27 05:29:10","","","2022-12-15 15:00:00","2022-12-15 16:00:00","Regional Network Meeting","regional-network-meeting",""
"192","Kim &#8211; Regional Network Meeting","818","Kim &#8211; Regional Network Meeting","2022-07-27 05:20:57","2022-07-27 05:29:10","","","2022-12-15 18:00:00","2022-12-15 19:00:00","Regional Network Meeting","regional-network-meeting",""
"193","Nicole &#8211; Regional Network Meeting","828","Nicole &#8211; Regional Network Meeting","2022-07-27 05:20:57","2022-07-27 05:29:10","","","2022-12-16 11:00:00","2022-12-16 12:00:00","Regional Network Meeting","regional-network-meeting",""
"194","Deep Dive: Storytelling","877","Deep Dive: Storytelling","2022-07-27 05:20:57","2022-07-27 05:29:10","","<p><span style=\"font-weight: 400;\">Storytelling is not just telling stories. It is a way to engage your audience. This training will explore the most common practices of storytelling with a specific focus on climate change. Even though the majority of env","2022-12-20 17:00:00","2022-12-20 18:00:00","Deep Dive Training","deep-dive-training",""
"195","Office Hours","1096","Office Hours","2022-07-27 05:20:57","2022-07-27 05:29:10","","<p>These biweekly office hours help new champions and those who would like to have guidance into Ki Futures to understand the structure of the program and where to find everything they need to support their sustainability journey.</p>","2022-12-22 08:00:00","2022-12-22 09:00:00","Office Hours","office-hours",""